"date","label"
"0001f2fd","L"
"00177dc1","L"
"00b3a048","L"
"013f131b","N"
"01a1b150","N"
"0208b16b","N"
"0247bd99","N"
"0297dfdf","L"
"03caeae7","H"
"05610ce4","L"
"057d971b","N"
"05b16ea2","H"
"0667311a","L"
"075c138b","N"
"07e1aefa","N"
"086aabe2","N"
"08c6700a","N"
"09e8a89e","L"
"0a6d27e0","N"
"0a7be0f0","H"
"0a91e231","N"
"0bd29b81","L"
"0c6d2122","N"
"0d1f33c1","N"
"0fa53b63","N"
"0faf7704","N"
"104d8f20","N"
"1056bec6","N"
"106e4b2b","N"
"10ec08d8","H"
"11163723","N"
"11fca918","N"
"1210b112","N"
"12b2c369","N"
"132c76cd","L"
"15bc4979","L"
"1607405b","L"
"16a303c0","L"
"171adbe3","N"
"182683f2","N"
"18817005","N"
"18c4f707","N"
"1936651f","N"
"1b14457a","N"
"1b7a51a1","L"
"1d3cc3d6","N"
"1d67a783","L"
"1d80a72c","N"
"1e02bb1f","L"
"1ec0b624","N"
"1f4f59d2","N"
"1f6075d5","N"
"1fdf2621","N"
"207c1567","N"
"20ecec1b","N"
"21ee0d83","N"
"22c3ec15","N"
"23dc65ac","N"
"242ab697","N"
"258e476b","N"
"26807d55","N"
"26d5bdf3","N"
"271a3f20","N"
"278a6808","N"
"27cb2979","N"
"28304cc2","N"
"2896dbe7","N"
"28c2163f","N"
"28c40b9c","N"
"28c87d8b","N"
"28f79956","N"
"2a86c944","L"
"2b6c4ffe","L"
"2bed0cb7","H"
"2c6ee0cd","N"
"2dedfa13","N"
"2f3eaeb0","N"
"2f4e7122","N"
"2f7f97e7","N"
"2fd9a21b","L"
"3017e992","N"
"30c86c8c","L"
"31799c29","N"
"32293ed8","L"
"32d9abcf","N"
"3306960e","N"
"352f78f4","N"
"37f018dd","N"
"3843a790","N"
"384deb54","N"
"385d4825","N"
"389b2885","N"
"3a176ff7","N"
"3b7c58cf","L"
"3c2ae11c","L"
"3d3710c8","N"
"3e4bbf41","N"
"3eabde82","N"
"3f645c51","N"
"3f92bc07","N"
"3fb574ab","L"
"407375b4","N"
"44f5120f","N"
"45248f69","N"
"4684b88f","N"
"4811d16e","N"
"48d9c998","N"
"48dd3244","N"
"499e3a2a","L"
"49b8a7b3","H"
"4a6634be","N"
"4a68a22f","N"
"4a9f1507","N"
"4ab491c2","N"
"4af6cdc2","N"
"4b186ab4","N"
"4ccf9c2a","N"
"4cfbfa0e","N"
"4d001ef9","N"
"4d58d526","N"
"4f10459b","N"
"4f672ed2","N"
"50c5df9a","N"
"50f6061f","L"
"52c148ba","N"
"53841436","N"
"56012e50","L"
"5726e62c","N"
"5853736a","N"
"59ce0c46","L"
"5a0927ad","N"
"5a435898","L"
"5a5f63bc","N"
"5a92fc3a","N"
"5af7fc35","N"
"5b74a697","H"
"5b8cda4b","N"
"5bf303a1","N"
"5c05d09a","N"
"5d6b929c","N"
"5dca1564","N"
"5dd4866f","N"
"5e481671","N"
"5e5b0ac7","N"
"5ecc1e8f","N"
"5f82edbb","N"
"6009e5ff","L"
"609720d7","N"
"60d6902d","L"
"628466c4","N"
"654fe7cf","L"
"6597a10b","N"
"66e5b322","L"
"672052fa","H"
"676d2b0c","N"
"6789a373","N"
"67ff36c4","L"
"6812a70f","N"
"68a9faf1","L"
"68c7000b","H"
"6921af70","N"
"697775d5","L"
"6a42207a","N"
"6ab8cb61","L"
"6af11d0d","L"
"6b89dac3","N"
"6c75dc76","L"
"6d3d782c","L"
"6db80968","L"
"6e251c2e","N"
"6e57e232","L"
"6f0929dc","N"
"72a250be","N"
"72b606b3","N"
"73095bf2","L"
"7498cf6c","N"
"7569f981","N"
"75ca8963","L"
"76b74f14","N"
"780edf3f","N"
"78381bcc","L"
"7995e572","N"
"7ab78817","L"
"7af39a00","N"
"7b08d556","N"
"7b2630b4","N"
"7f5e271c","N"
"809b6e9a","L"
"80aa05a6","N"
"80f5f267","N"
"8270822e","L"
"83c09fb8","H"
"84124874","N"
"864cf355","N"
"86d2e0e0","L"
"86dc4d04","L"
"87a8aa95","N"
"880677c8","N"
"8810a586","L"
"885f4e4b","N"
"88bd5115","N"
"89307753","L"
"8976e1cb","N"
"897ed03d","L"
"89a15523","L"
"89d5b91d","L"
"89e01515","N"
"8a5715f4","N"
"8bb09260","N"
"8c46415b","N"
"8c550be9","N"
"8c74a7e8","N"
"8d047669","N"
"8d150259","N"
"8d89c388","N"
"8e16c62e","N"
"8e19dc3c","N"
"8f76c8ec","L"
"8f7f8c8e","L"
"90b49549","N"
"92b63a17","N"
"93dcaa7b","N"
"95f8a681","L"
"965089a7","N"
"971bea50","N"
"980bc1cc","N"
"987963cf","N"
"9893e8c9","N"
"98f859ee","N"
"99156be5","N"
"991e2adf","N"
"99bd78b1","N"
"9a5b0194","N"
"9b35f308","N"
"9b5fd9f0","L"
"9bda8224","L"
"9cea1212","N"
"9d1c869c","N"
"9dadd2af","N"
"9e3d5fee","N"
"9f4de4a0","N"
"9fd132a1","N"
"9fe944fa","N"
"a062204d","N"
"a068001c","L"
"a19fd81b","N"
"a1b1e760","N"
"a27f33ea","L"
"a34f926f","L"
"a3f48972","N"
"a4effb86","L"
"a620760b","N"
"a9843ce6","N"
"a98b7db3","N"
"aa1e670f","N"
"aa6446a7","N"
"aac6a583","N"
"abdbfac6","L"
"abfb42ea","N"
"ad92959c","N"
"adddaed3","N"
"ae03763b","L"
"ae3e7ee4","N"
"af8d1e1b","N"
"b13ed154","N"
"b15a92d3","N"
"b3752d6c","N"
"b402423c","L"
"b4104846","N"
"b596b7d8","N"
"b64f0b4f","L"
"b6ac41e8","N"
"b71e76cf","N"
"b88fbe41","N"
"b92d713a","N"
"b951733d","L"
"ba9169ed","N"
"bade34a5","N"
"bc5c84e1","N"
"bcd61bc9","N"
"be88d078","N"
"bf796d7a","N"
"bfee608e","N"
"c0a0d84c","N"
"c128b06b","H"
"c1368827","L"
"c22ed7b6","H"
"c2e7e528","N"
"c2f152a8","N"
"c43ba034","N"
"c4f97dc4","L"
"c7506622","N"
"c87afd91","L"
"c8a483e7","L"
"c8ca791d","N"
"c8db74ea","N"
"ca19131d","N"
"cb8d431e","N"
"cbbbc613","N"
"cbf4fd5c","L"
"ccad047b","N"
"cce5db1e","N"
"cd1b7cc2","N"
"cd9c23ef","N"
"cfdf3457","N"
"d02b72c7","N"
"d19b6ed3","N"
"d1a41bbe","N"
"d1aa60c7","N"
"d2303aec","N"
"d2aba049","N"
"d314fd08","N"
"d32b19d5","N"
"d3316e8b","L"
"d35bc647","N"
"d370335c","N"
"d425ced8","N"
"d4ad157c","N"
"d55d7372","N"
"d56c24e3","L"
"d5a90a8f","L"
"d8ce0ebd","N"
"d959cc38","L"
"d9b0be16","N"
"d9cea8e0","N"
"da9e7d1c","N"
"dab5c008","N"
"db1573ac","L"
"db406930","N"
"dcb66031","N"
"dce83223","H"
"dd972ec5","N"
"de0cc33b","L"
"de466d2d","N"
"de8249e7","N"
"deb47133","N"
"df89effe","L"
"e1bce14d","N"
"e3ba4ed6","L"
"e3c541a1","N"
"e3f57599","N"
"e4037620","L"
"e8410611","N"
"e902da03","N"
"e975c8a7","L"
"e9edadfc","L"
"ea649302","L"
"eabeab9e","N"
"eb47b635","L"
"eb7be958","L"
"ebf4fb3d","N"
"ed1d6844","N"
"ed4878a5","N"
"ee65bde5","N"
"efc59e50","L"
"f15a0720","N"
"f1abd469","N"
"f1cf7318","L"
"f25076be","N"
"f2c58f90","L"
"f3710192","N"
"f39ff46d","N"
"f4692756","N"
"f469607b","N"
"f639a023","N"
"f6e32cd2","N"
"f7a5d849","N"
"f7dba245","L"
"f8cdfb6a","N"
"f911df0e","L"
"f9d431e8","L"
"fa88bb1f","L"
"fb430bc1","N"
"fd48b23a","H"
"fd52bb91","L"
"fe708035","N"
"ff11ac29","N"
"ff500151","N"
